"Status","Frequency","Percentage","Label"
"200",159,98.1481481481482,"200 (98.1%)"
"404",3,1.85185185185185,"404 (1.9%)"
