"Status","Frequency","Percentage"
"200",159,98.1481481481482
"404",3,1.85185185185185
